filepath,label
processed_images/easy_143_0011.jpg,0
processed_images/mid_329_1110.jpg,0
processed_images/mid_257_1111.jpg,0
processed_images/mid_40_1111.jpg,0
processed_images/mid_41_1111.jpg,0
processed_images/hard_91_1100.jpg,0
processed_images/hard_90_1100.jpg,0
processed_images/mid_9_1110.jpg,0
processed_images/mid_272_1010.jpg,0
processed_images/mid_139_1111.jpg,0
processed_images/easy_167_0110.jpg,0
processed_images/easy_76_1111.jpg,0
processed_images/easy_212_0010.jpg,0
processed_images/hard_169_0111.jpg,0
processed_images/easy_198_0011.jpg,0
processed_images/mid_290_1100.jpg,0
processed_images/mid_316_1111.jpg,0
processed_images/mid_170_1111.jpg,0
processed_images/mid_291_1100.jpg,0
processed_images/easy_23_1100.jpg,0
processed_images/mid_424_1111.jpg,0
processed_images/hard_185_1100.jpg,0
processed_images/mid_425_1111.jpg,0
processed_images/mid_414_0011.jpg,0
processed_images/hard_161_1100.jpg,0
processed_images/mid_195_1111.jpg,0
processed_images/mid_275_1100.jpg,0
processed_images/mid_274_1100.jpg,0
processed_images/mid_194_1111.jpg,0
processed_images/hard_20_1111.jpg,0
processed_images/hard_82_0011.jpg,0
processed_images/mid_14_1101.jpg,0
processed_images/mid_453_1111.jpg,0
processed_images/mid_452_1111.jpg,0
processed_images/easy_80_0001.jpg,0
processed_images/hard_116_1101.jpg,0
processed_images/easy_135_0011.jpg,0
processed_images/mid_8_1111.jpg,0
processed_images/mid_37_1111.jpg,0
processed_images/mid_210_0011.jpg,0
processed_images/mid_152_1100.jpg,0
processed_images/mid_335_1100.jpg,0
processed_images/hard_209_1011.jpg,0
processed_images/easy_197_1111.jpg,0
processed_images/hard_142_1110.jpg,0
processed_images/easy_31_0011.jpg,0
processed_images/easy_87_0110.jpg,0
processed_images/hard_36_1101.jpg,0
processed_images/mid_91_1111.jpg,0
processed_images/mid_45_0010.jpg,0
processed_images/easy_28_1100.jpg,0
processed_images/mid_90_1111.jpg,0
processed_images/mid_166_1100.jpg,0
processed_images/mid_167_1100.jpg,0
processed_images/easy_138_0101.jpg,0
processed_images/hard_192_1111.jpg,0
processed_images/easy_147_1110.jpg,0
processed_images/hard_193_1111.jpg,0
processed_images/easy_146_1110.jpg,0
processed_images/hard_100_1111.jpg,0
processed_images/hard_153_1011.jpg,0
processed_images/hard_235_0001.jpg,0
processed_images/easy_96_0011.jpg,0
processed_images/hard_95_0001.jpg,0
processed_images/hard_87_1111.jpg,0
processed_images/mid_348_1100.jpg,0
processed_images/easy_217_1111.jpg,0
processed_images/mid_467_1111.jpg,0
processed_images/mid_466_1111.jpg,0
processed_images/hard_195_1000.jpg,0
processed_images/mid_169_0001.jpg,0
processed_images/hard_181_0001.jpg,0
processed_images/hard_154_1100.jpg,0
processed_images/hard_15_1111.jpg,0
processed_images/easy_178_1111.jpg,0
processed_images/mid_240_1100.jpg,0
processed_images/hard_14_1111.jpg,0
processed_images/mid_144_1110.jpg,0
processed_images/easy_148_0011.jpg,0
processed_images/mid_322_1111.jpg,0
processed_images/mid_145_1111.jpg,0
processed_images/mid_421_0011.jpg,0
processed_images/easy_203_0111.jpg,0
processed_images/mid_410_1111.jpg,0
processed_images/mid_411_1111.jpg,0
processed_images/easy_7_1100.jpg,0
processed_images/hard_141_0100.jpg,0
processed_images/hard_122_1100.jpg,0
processed_images/mid_248_0111.jpg,0
processed_images/mid_354_1110.jpg,0
processed_images/mid_393_1101.jpg,0
processed_images/mid_458_1111.jpg,0
processed_images/easy_218_0011.jpg,0
processed_images/mid_110_1100.jpg,0
processed_images/easy_101_0010.jpg,0
processed_images/mid_74_1111.jpg,0
processed_images/mid_75_1111.jpg,0
processed_images/mid_262_1111.jpg,0
processed_images/easy_18_0011.jpg,0
processed_images/easy_139_0110.jpg,0
processed_images/mid_286_1100.jpg,0
processed_images/mid_331_0011.jpg,0
processed_images/mid_402_0011.jpg,0
processed_images/easy_210_1011.jpg,0
processed_images/easy_34_1100.jpg,0
processed_images/easy_221_0111.jpg,0
processed_images/mid_432_1111.jpg,0
processed_images/mid_209_1111.jpg,0
processed_images/easy_186_1001.jpg,0
processed_images/hard_219_1101.jpg,0
processed_images/hard_41_1111.jpg,0
processed_images/hard_40_1111.jpg,0
processed_images/mid_392_1111.jpg,0
processed_images/hard_63_1101.jpg,0
processed_images/hard_86_1100.jpg,0
processed_images/mid_2_1101.jpg,0
processed_images/easy_6_1110.jpg,0
processed_images/easy_60_1111.jpg,0
processed_images/hard_227_1100.jpg,0
processed_images/mid_349_1111.jpg,0
processed_images/easy_216_1100.jpg,0
processed_images/easy_181_1110.jpg,0
processed_images/mid_19_1000.jpg,0
processed_images/easy_155_0011.jpg,0
processed_images/easy_45_1010.jpg,0
processed_images/easy_164_1111.jpg,0
processed_images/mid_57_1111.jpg,0
processed_images/mid_56_1111.jpg,0
processed_images/mid_323_1101.jpg,0
processed_images/mid_241_1111.jpg,0
processed_images/easy_16_1111.jpg,0
processed_images/hard_180_0011.jpg,0
processed_images/mid_159_1111.jpg,0
processed_images/hard_123_1111.jpg,0
processed_images/easy_85_1111.jpg,0
processed_images/mid_3_1100.jpg,0
processed_images/hard_113_0011.jpg,0
processed_images/mid_20_1111.jpg,0
processed_images/mid_237_1111.jpg,0
processed_images/mid_236_1111.jpg,0
processed_images/easy_8_0010.jpg,0
processed_images/mid_347_0011.jpg,0
processed_images/mid_346_0011.jpg,0
processed_images/easy_235_1111.jpg,0
processed_images/hard_187_0100.jpg,0
processed_images/mid_444_1111.jpg,0
processed_images/mid_208_1110.jpg,0
processed_images/easy_43_1100.jpg,0
processed_images/easy_163_1001.jpg,0
processed_images/mid_445_1111.jpg,0
processed_images/easy_130_1101.jpg,0
processed_images/mid_69_1111.jpg,0
processed_images/hard_211_0110.jpg,0
processed_images/mid_68_1111.jpg,0
processed_images/mid_182_1111.jpg,0
processed_images/mid_263_1100.jpg,0
processed_images/hard_37_1111.jpg,0
processed_images/mid_183_1111.jpg,0
processed_images/hard_139_1011.jpg,0
processed_images/mid_134_1010.jpg,0
processed_images/mid_218_1011.jpg,0
processed_images/mid_256_1100.jpg,0
processed_images/mid_115_0011.jpg,0
processed_images/mid_372_0011.jpg,0
processed_images/hard_7_1111.jpg,0
processed_images/mid_343_1111.jpg,0
processed_images/mid_125_1111.jpg,0
processed_images/mid_471_1111.jpg,0
processed_images/easy_182_0100.jpg,0
processed_images/hard_231_1111.jpg,0
processed_images/mid_441_0011.jpg,0
processed_images/easy_134_0001.jpg,0
processed_images/hard_135_1101.jpg,0
processed_images/hard_58_0001.jpg,0
processed_images/hard_127_0011.jpg,0
processed_images/hard_212_1101.jpg,0
processed_images/mid_165_0101.jpg,0
processed_images/mid_136_0001.jpg,0
processed_images/mid_203_1111.jpg,0
processed_images/mid_385_1100.jpg,0
processed_images/easy_79_0001.jpg,0
processed_images/mid_15_1111.jpg,0
processed_images/mid_62_1110.jpg,0
processed_images/mid_171_1100.jpg,0
processed_images/hard_21_1101.jpg,0
processed_images/mid_86_1111.jpg,0
processed_images/hard_198_1100.jpg,0
processed_images/mid_87_1111.jpg,0
processed_images/easy_207_1000.jpg,0
processed_images/easy_132_0110.jpg,0
processed_images/easy_151_1110.jpg,0
processed_images/mid_188_1111.jpg,0
processed_images/mid_368_0110.jpg,0
processed_images/mid_269_1100.jpg,0
processed_images/hard_236_1001.jpg,0
processed_images/easy_160_0011.jpg,0
processed_images/hard_160_1111.jpg,0
processed_images/mid_63_1111.jpg,0
processed_images/hard_97_1001.jpg,0
processed_images/mid_317_1101.jpg,0
processed_images/mid_360_1100.jpg,0
processed_images/hard_67_0001.jpg,0
processed_images/mid_202_1110.jpg,0
processed_images/hard_117_1110.jpg,0
processed_images/easy_200_1110.jpg,0
processed_images/hard_134_1100.jpg,0
processed_images/easy_105_1100.jpg,0
processed_images/hard_68_1100.jpg,0
processed_images/hard_230_1110.jpg,0
processed_images/hard_129_1111.jpg,0
processed_images/mid_36_1100.jpg,0
processed_images/mid_342_1110.jpg,0
processed_images/hard_128_1111.jpg,0
processed_images/mid_124_1110.jpg,0
processed_images/easy_118_1111.jpg,0
processed_images/mid_221_1100.jpg,0
processed_images/hard_6_1110.jpg,0
processed_images/mid_162_0011.jpg,0
processed_images/mid_153_1111.jpg,0
processed_images/mid_334_1111.jpg,0
processed_images/hard_214_1011.jpg,0
processed_images/mid_407_1111.jpg,0
processed_images/hard_224_0111.jpg,0
processed_images/hard_106_1100.jpg,0
processed_images/hard_233_0010.jpg,0
processed_images/mid_18_1111.jpg,0
processed_images/mid_394_1111.jpg,0
processed_images/mid_191_0111.jpg,0
processed_images/mid_355_1011.jpg,0
processed_images/mid_306_1111.jpg,0
processed_images/mid_264_1101.jpg,0
processed_images/hard_62_1010.jpg,0
processed_images/mid_185_1110.jpg,0
processed_images/hard_216_0111.jpg,0
processed_images/mid_405_0011.jpg,0
processed_images/mid_404_0011.jpg,0
processed_images/hard_171_1101.jpg,0
processed_images/easy_112_1001.jpg,0
processed_images/easy_32_1100.jpg,0
processed_images/mid_435_1111.jpg,0
processed_images/easy_187_1110.jpg,0
processed_images/easy_152_0011.jpg,0
processed_images/easy_204_0101.jpg,0
processed_images/hard_163_0011.jpg,0
processed_images/mid_50_1111.jpg,0
processed_images/mid_276_0011.jpg,0
processed_images/mid_225_0111.jpg,0
processed_images/mid_51_1111.jpg,0
processed_images/mid_214_1011.jpg,0
processed_images/mid_247_1111.jpg,0
processed_images/mid_230_1110.jpg,0
processed_images/hard_54_0001.jpg,0
processed_images/hard_138_1101.jpg,0
processed_images/easy_114_1110.jpg,0
processed_images/mid_461_1100.jpg,0
processed_images/hard_79_1110.jpg,0
processed_images/easy_1_1110.jpg,0
processed_images/hard_146_0110.jpg,0
processed_images/easy_83_1110.jpg,0
processed_images/easy_211_1100.jpg,0
processed_images/hard_49_0010.jpg,0
processed_images/mid_128_1110.jpg,0
processed_images/hard_177_1011.jpg,0
processed_images/easy_125_0011.jpg,0
processed_images/hard_48_0011.jpg,0
processed_images/easy_57_0010.jpg,0
processed_images/mid_27_1111.jpg,0
processed_images/hard_81_1101.jpg,0
processed_images/hard_12_1101.jpg,0
processed_images/mid_142_1100.jpg,0
processed_images/mid_85_0011.jpg,0
processed_images/mid_143_1100.jpg,0
processed_images/easy_11_1111.jpg,0
processed_images/hard_162_0010.jpg,0
processed_images/easy_234_1000.jpg,0
processed_images/hard_186_0011.jpg,0
processed_images/easy_21_0011.jpg,0
processed_images/mid_279_1111.jpg,0
processed_images/mid_434_1110.jpg,0
processed_images/easy_123_0100.jpg,0
processed_images/mid_160_1110.jpg,0
processed_images/mid_117_1111.jpg,0
processed_images/hard_148_1010.jpg,0
processed_images/mid_116_1111.jpg,0
processed_images/mid_370_1111.jpg,0
processed_images/mid_270_0101.jpg,0
processed_images/mid_395_1110.jpg,0
processed_images/mid_127_0011.jpg,0
processed_images/mid_473_0011.jpg,0
processed_images/mid_389_1101.jpg,0
processed_images/easy_202_0011.jpg,0
processed_images/mid_327_0111.jpg,0
processed_images/mid_374_0011.jpg,0
processed_images/hard_1_1111.jpg,0
processed_images/mid_439_1000.jpg,0
processed_images/mid_345_1111.jpg,0
processed_images/mid_123_1111.jpg,0
processed_images/hard_151_0101.jpg,0
processed_images/easy_237_0011.jpg,0
processed_images/mid_476_1111.jpg,0
processed_images/easy_71_1100.jpg,0
processed_images/mid_446_0011.jpg,0
processed_images/mid_447_0011.jpg,0
processed_images/mid_358_1100.jpg,0
processed_images/hard_145_1100.jpg,0
processed_images/easy_116_111.jpg,0
processed_images/mid_181_0011.jpg,0
processed_images/easy_158_0011.jpg,0
processed_images/hard_168_0011.jpg,0
processed_images/mid_351_0110.jpg,0
processed_images/mid_296_1111.jpg,0
processed_images/mid_80_1111.jpg,0
processed_images/hard_166_1110.jpg,0
processed_images/easy_15_0011.jpg,0
processed_images/hard_201_0100.jpg,0
processed_images/mid_78_1101.jpg,0
processed_images/easy_93_1010.jpg,0
processed_images/easy_157_1110.jpg,0
processed_images/easy_86_0011.jpg,0
processed_images/hard_120_0011.jpg,0
processed_images/hard_215_1101.jpg,0
processed_images/easy_4_0011.jpg,0
processed_images/hard_111_1111.jpg,0
processed_images/mid_204_1111.jpg,0
processed_images/mid_383_1100.jpg,0
processed_images/easy_239_1110.jpg,0
processed_images/mid_13_1111.jpg,0
processed_images/mid_12_1111.jpg,0
processed_images/easy_238_1111.jpg,0
processed_images/mid_234_0010.jpg,0
processed_images/mid_283_0111.jpg,0
processed_images/mid_449_1111.jpg,0
processed_images/hard_50_1101.jpg,0
processed_images/easy_224_1100.jpg,0
processed_images/hard_110_1110.jpg,0
processed_images/mid_470_1001.jpg,0
processed_images/mid_423_1101.jpg,0
processed_images/mid_440_0101.jpg,0
processed_images/mid_65_1111.jpg,0
processed_images/mid_243_0011.jpg,0
processed_images/mid_164_0011.jpg,0
processed_images/mid_154_1111.jpg,0
processed_images/mid_332_1111.jpg,0
processed_images/easy_117_0101.jpg,0
processed_images/mid_359_1101.jpg,0
processed_images/easy_41_0001.jpg,0
processed_images/hard_96_1110.jpg,0
processed_images/mid_390_0011.jpg,0
processed_images/mid_122_1100.jpg,0
processed_images/mid_30_1110.jpg,0
processed_images/mid_477_1100.jpg,0
processed_images/hard_240_1101.jpg,0
processed_images/hard_18_1111.jpg,0
processed_images/easy_54_1010.jpg,0
processed_images/hard_126_0111.jpg,0
processed_images/hard_19_1111.jpg,0
processed_images/mid_298_0001.jpg,0
processed_images/mid_431_0001.jpg,0
processed_images/easy_37_0010.jpg,0
processed_images/mid_250_1111.jpg,0
processed_images/easy_169_1100.jpg,0
processed_images/mid_251_1111.jpg,0
processed_images/mid_46_1111.jpg,0
processed_images/mid_333_1101.jpg,0
processed_images/mid_273_1101.jpg,0
processed_images/mid_177_1111.jpg,0
processed_images/mid_176_1111.jpg,0
processed_images/mid_412_0011.jpg,0
processed_images/easy_62_0001.jpg,0
processed_images/mid_219_1111.jpg,0
processed_images/mid_100_1110.jpg,0
processed_images/hard_61_0011.jpg,0
processed_images/hard_51_1111.jpg,0
processed_images/easy_209_0001.jpg,0
processed_images/mid_357_0011.jpg,0
processed_images/hard_84_0011.jpg,0
processed_images/mid_366_1111.jpg,0
processed_images/mid_101_1111.jpg,0
processed_images/mid_454_1111.jpg,0
processed_images/easy_172_1001.jpg,0
processed_images/easy_214_0011.jpg,0
processed_images/easy_52_1100.jpg,0
processed_images/easy_110_0001.jpg,0
processed_images/hard_225_0011.jpg,0
processed_images/mid_79_1111.jpg,0
processed_images/easy_104_1000.jpg,0
processed_images/hard_183_1101.jpg,0
processed_images/mid_64_1100.jpg,0
processed_images/easy_128_0111.jpg,0
processed_images/mid_192_1111.jpg,0
processed_images/hard_118_0111.jpg,0
processed_images/mid_81_1101.jpg,0
processed_images/hard_27_1111.jpg,0
processed_images/mid_193_1111.jpg,0
processed_images/mid_155_1100.jpg,0
processed_images/mid_47_1110.jpg,0
processed_images/easy_49_1000.jpg,0
processed_images/mid_350_0100.jpg,0
processed_images/mid_463_0100.jpg,0
processed_images/hard_191_0011.jpg,0
processed_images/easy_174_1110.jpg,0
processed_images/easy_184_0110.jpg,0
processed_images/easy_103_1111.jpg,0
processed_images/easy_22_1010.jpg,0
processed_images/hard_206_0001.jpg,0
processed_images/mid_112_0001.jpg,0
processed_images/mid_227_1111.jpg,0
processed_images/mid_226_1111.jpg,0
processed_images/hard_72_1100.jpg,0
processed_images/mid_31_1111.jpg,0
processed_images/hard_107_1111.jpg,0
processed_images/mid_158_1010.jpg,0
processed_images/hard_232_0001.jpg,0
processed_images/easy_106_0011.jpg,0
processed_images/easy_74_0010.jpg,0
processed_images/hard_202_1101.jpg,0
processed_images/mid_388_1111.jpg,0
processed_images/hard_47_1100.jpg,0
processed_images/mid_213_1111.jpg,0
processed_images/mid_212_1111.jpg,0
processed_images/mid_96_1111.jpg,0
processed_images/hard_30_1101.jpg,0
processed_images/mid_184_1101.jpg,0
processed_images/mid_97_1111.jpg,0
processed_images/mid_281_1111.jpg,0
processed_images/mid_73_1110.jpg,0
processed_images/mid_419_0011.jpg,0
processed_images/mid_280_1111.jpg,0
processed_images/mid_278_1101.jpg,0
processed_images/easy_170_0010.jpg,0
processed_images/mid_459_1001.jpg,0
processed_images/hard_13_1111.jpg,0
processed_images/mid_352_1111.jpg,0
processed_images/easy_19_0111.jpg,0
processed_images/mid_253_0101.jpg,0
processed_images/mid_26_1101.jpg,0
processed_images/mid_460_1111.jpg,0
processed_images/hard_78_1101.jpg,0
processed_images/hard_220_1111.jpg,0
processed_images/easy_66_1101.jpg,0
processed_images/mid_4_1111.jpg,0
processed_images/hard_125_1100.jpg,0
processed_images/hard_124_1100.jpg,0
processed_images/easy_108_1111.jpg,0
processed_images/mid_231_1100.jpg,0
processed_images/easy_109_1111.jpg,0
processed_images/mid_135_1110.jpg,0
processed_images/hard_55_0011.jpg,0
processed_images/hard_229_0100.jpg,0
processed_images/easy_229_1000.jpg,0
processed_images/mid_324_1111.jpg,0
processed_images/mid_339_1100.jpg,0
processed_images/mid_338_1100.jpg,0
processed_images/mid_417_1111.jpg,0
processed_images/easy_131_1001.jpg,0
processed_images/mid_416_1111.jpg,0
processed_images/easy_50_0110.jpg,0
processed_images/mid_198_1111.jpg,0
processed_images/easy_140_1111.jpg,0
processed_images/mid_255_0011.jpg,0
processed_images/mid_133_1001.jpg,0
processed_images/mid_72_1111.jpg,0
processed_images/mid_307_1101.jpg,0
processed_images/mid_265_1111.jpg,0
processed_images/mid_429_1110.jpg,0
processed_images/mid_295_0111.jpg,0
processed_images/easy_165_1010.jpg,0
processed_images/easy_232_1100.jpg,0
processed_images/mid_428_0001.jpg,0
processed_images/hard_31_0011.jpg,0
processed_images/mid_418_1101.jpg,0
processed_images/mid_249_1111.jpg,0
processed_images/easy_171_1100.jpg,0
processed_images/easy_27_1000.jpg,0
processed_images/easy_75_1100.jpg,0
processed_images/easy_137_0001.jpg,0
processed_images/mid_443_0011.jpg,0
processed_images/hard_136_1101.jpg,0
processed_images/hard_5_1111.jpg,0
processed_images/hard_4_1111.jpg,0
processed_images/mid_371_0011.jpg,0
processed_images/hard_93_1111.jpg,0
processed_images/easy_58_0011.jpg,0
processed_images/mid_35_1101.jpg,0
processed_images/mid_340_1111.jpg,0
processed_images/mid_200_1111.jpg,0
processed_images/mid_201_1111.jpg,0
processed_images/mid_387_1100.jpg,0
processed_images/mid_301_0101.jpg,0
processed_images/mid_17_1111.jpg,0
processed_images/mid_362_1101.jpg,0
processed_images/mid_16_1111.jpg,0
processed_images/mid_363_1101.jpg,0
processed_images/hard_109_1100.jpg,0
processed_images/mid_105_1101.jpg,0
processed_images/mid_450_1101.jpg,0
processed_images/easy_56_1110.jpg,0
processed_images/easy_35_0110.jpg,0
processed_images/hard_114_1111.jpg,0
processed_images/mid_308_1111.jpg,0
processed_images/mid_309_1111.jpg,0
processed_images/mid_99_1100.jpg,0
processed_images/easy_153_1110.jpg,0
processed_images/easy_20_1111.jpg,0
processed_images/mid_377_0100.jpg,0
processed_images/mid_84_1111.jpg,0
processed_images/mid_196_1100.jpg,0
processed_images/mid_315_1101.jpg,0
processed_images/mid_33_1011.jpg,0
processed_images/mid_246_0011.jpg,0
processed_images/mid_314_1101.jpg,0
processed_images/mid_61_1111.jpg,0
processed_images/hard_115_1110.jpg,0
processed_images/mid_119_1111.jpg,0
processed_images/easy_115_0010.jpg,0
processed_images/easy_124_1110.jpg,0
processed_images/easy_177_1010.jpg,0
processed_images/hard_210_1100.jpg,0
processed_images/mid_104_1100.jpg,0
processed_images/mid_126_1110.jpg,0
processed_images/hard_46_0011.jpg,0
processed_images/easy_59_0010.jpg,0
processed_images/mid_341_1110.jpg,0
processed_images/mid_29_1111.jpg,0
processed_images/hard_203_0010.jpg,0
processed_images/hard_165_1000.jpg,0
processed_images/mid_28_1111.jpg,0
processed_images/hard_164_1000.jpg,0
processed_images/easy_233_0010.jpg,0
processed_images/mid_336_1111.jpg,0
processed_images/mid_150_1111.jpg,0
processed_images/hard_189_0011.jpg,0
processed_images/mid_337_1111.jpg,0
processed_images/easy_188_1111.jpg,0
processed_images/mid_400_0011.jpg,0
processed_images/easy_175_0001.jpg,0
processed_images/mid_430_1111.jpg,0
processed_images/hard_8_1000.jpg,0
processed_images/easy_168_0010.jpg,0
processed_images/mid_137_1011.jpg,0
processed_images/hard_57_0110.jpg,0
processed_images/mid_180_1110.jpg,0
processed_images/mid_261_1101.jpg,0
processed_images/hard_42_1111.jpg,0
processed_images/easy_88_0011.jpg,0
processed_images/hard_43_1111.jpg,0
processed_images/mid_344_0010.jpg,0
processed_images/hard_73_0011.jpg,0
processed_images/mid_375_1110.jpg,0
processed_images/easy_133_1100.jpg,0
processed_images/hard_237_0010.jpg,0
processed_images/hard_150_1000.jpg,0
processed_images/mid_1_1101.jpg,0
processed_images/hard_99_1111.jpg,0
processed_images/mid_479_1111.jpg,0
processed_images/easy_208_1111.jpg,0
processed_images/mid_448_0011.jpg,0
processed_images/mid_54_1111.jpg,0
processed_images/mid_55_1111.jpg,0
processed_images/mid_297_0010.jpg,0
processed_images/mid_242_1111.jpg,0
processed_images/hard_157_1111.jpg,0
processed_images/hard_156_1111.jpg,0
processed_images/hard_105_1011.jpg,0
processed_images/hard_167_0011.jpg,0
processed_images/easy_14_1111.jpg,0
processed_images/easy_156_0010.jpg,0
processed_images/easy_24_0011.jpg,0
processed_images/easy_77_0111.jpg,0
processed_images/easy_183_1111.jpg,0
processed_images/hard_182_0011.jpg,0
processed_images/mid_205_0011.jpg,0
processed_images/mid_23_1111.jpg,0
processed_images/mid_163_1001.jpg,0
processed_images/easy_173_0111.jpg,0
processed_images/easy_120_0011.jpg,0
processed_images/easy_121_0011.jpg,0
processed_images/easy_63_1110.jpg,0
processed_images/hard_103_1101.jpg,0
processed_images/easy_206_0011.jpg,0
processed_images/easy_94_0001.jpg,0
processed_images/hard_133_0001.jpg,0
processed_images/mid_391_1110.jpg,0
processed_images/easy_89_0010.jpg,0
processed_images/hard_158_0011.jpg,0
processed_images/hard_35_1111.jpg,0
processed_images/easy_159_1111.jpg,0
processed_images/hard_34_1111.jpg,0
processed_images/mid_148_0001.jpg,0
processed_images/easy_191_0001.jpg,0
processed_images/hard_175_1100.jpg,0
processed_images/easy_240_1110.jpg,0
processed_images/easy_36_1111.jpg,0
processed_images/mid_149_0011.jpg,0
processed_images/easy_223_0100.jpg,0
processed_images/hard_190_1111.jpg,0
processed_images/mid_299_1100.jpg,0
processed_images/mid_179_1111.jpg,0
processed_images/mid_178_1111.jpg,0
processed_images/mid_92_1111.jpg,0
processed_images/mid_93_1111.jpg,0
processed_images/mid_303_1100.jpg,0
processed_images/mid_285_1111.jpg,0
processed_images/mid_302_1100.jpg,0
processed_images/mid_77_1110.jpg,0
processed_images/mid_217_1111.jpg,0
processed_images/mid_369_1110.jpg,0
processed_images/easy_13_1010.jpg,0
processed_images/easy_215_1111.jpg,0
processed_images/mid_464_1111.jpg,0
processed_images/easy_111_1101.jpg,0
processed_images/mid_465_1111.jpg,0
processed_images/mid_130_1111.jpg,0
processed_images/mid_22_1101.jpg,0
processed_images/mid_131_1111.jpg,0
processed_images/hard_85_1111.jpg,0
processed_images/hard_16_1111.jpg,0
processed_images/mid_396_1011.jpg,0
processed_images/easy_38_0010.jpg,0
processed_images/mid_147_1110.jpg,0
processed_images/mid_321_1110.jpg,0
processed_images/hard_26_0011.jpg,0
processed_images/easy_166_1100.jpg,0
processed_images/easy_230_1010.jpg,0
processed_images/mid_49_1111.jpg,0
processed_images/mid_48_1111.jpg,0
processed_images/mid_422_0011.jpg,0
processed_images/hard_104_1001.jpg,0
processed_images/easy_231_1011.jpg,0
processed_images/mid_413_1111.jpg,0
processed_images/easy_39_0011.jpg,0
processed_images/mid_146_1111.jpg,0
processed_images/mid_320_1111.jpg,0
processed_images/mid_311_0011.jpg,0
processed_images/mid_235_1100.jpg,0
processed_images/hard_60_1111.jpg,0
processed_images/hard_33_1011.jpg,0
processed_images/mid_478_1101.jpg,0
processed_images/mid_367_0010.jpg,0
processed_images/hard_208_0001.jpg,0
processed_images/mid_382_0011.jpg,0
processed_images/mid_356_1110.jpg,0
processed_images/mid_229_1111.jpg,0
processed_images/easy_225_0010.jpg,0
processed_images/hard_143_0100.jpg,0
processed_images/easy_30_1001.jpg,0
processed_images/mid_228_1111.jpg,0
processed_images/easy_5_1100.jpg,0
processed_images/easy_53_0001.jpg,0
processed_images/hard_121_1100.jpg,0
processed_images/mid_480_1111.jpg,0
processed_images/hard_98_1101.jpg,0
processed_images/easy_40_1111.jpg,0
processed_images/hard_207_1100.jpg,0
processed_images/easy_70_0011.jpg,0
processed_images/easy_236_1100.jpg,0
processed_images/mid_113_1100.jpg,0
processed_images/mid_284_1110.jpg,0
processed_images/hard_56_0100.jpg,0
processed_images/mid_76_1111.jpg,0
processed_images/mid_260_1111.jpg,0
processed_images/hard_174_1111.jpg,0
processed_images/easy_126_0111.jpg,0
processed_images/hard_213_0101.jpg,0
processed_images/hard_28_1111.jpg,0
processed_images/hard_144_0011.jpg,0
processed_images/easy_144_1111.jpg,0
processed_images/hard_222_1001.jpg,0
processed_images/hard_29_1111.jpg,0
processed_images/mid_254_1111.jpg,0
processed_images/easy_189_1101.jpg,0
processed_images/mid_43_1111.jpg,0
processed_images/mid_42_1111.jpg,0
processed_images/easy_122_1011.jpg,0
processed_images/hard_140_1111.jpg,0
processed_images/mid_199_0011.jpg,0
processed_images/easy_195_1110.jpg,0
processed_images/easy_33_0010.jpg,0
processed_images/easy_44_0011.jpg,0
processed_images/hard_178_1001.jpg,0
processed_images/mid_222_1110.jpg,0
processed_images/easy_68_1100.jpg,0
processed_images/easy_149_1001.jpg,0
processed_images/hard_108_1111.jpg,0
processed_images/mid_5_0011.jpg,0
processed_images/easy_176_1000.jpg,0
processed_images/mid_98_1111.jpg,0
processed_images/mid_426_1111.jpg,0
processed_images/easy_162_0001.jpg,0
processed_images/easy_9_1010.jpg,0
processed_images/hard_23_1110.jpg,0
processed_images/mid_197_1110.jpg,0
processed_images/mid_325_0011.jpg,0
processed_images/mid_60_1101.jpg,0
processed_images/mid_172_1111.jpg,0
processed_images/hard_218_0100.jpg,0
processed_images/mid_173_1110.jpg,0
processed_images/mid_293_1101.jpg,0
processed_images/hard_22_1111.jpg,0
processed_images/mid_277_1100.jpg,0
processed_images/hard_131_1000.jpg,0
processed_images/easy_10_0001.jpg,0
processed_images/mid_239_1011.jpg,0
processed_images/easy_82_0001.jpg,0
processed_images/mid_451_1111.jpg,0
processed_images/easy_192_1000.jpg,0
processed_images/mid_386_1110.jpg,0
processed_images/mid_300_0111.jpg,0
processed_images/mid_353_0011.jpg,0
processed_images/hard_64_0010.jpg,0
processed_images/mid_223_1111.jpg,0
processed_images/hard_77_1100.jpg,0
processed_images/hard_76_1100.jpg,0
processed_images/mid_34_1111.jpg,0
processed_images/mid_472_1101.jpg,0
processed_images/easy_90_1111.jpg,0
processed_images/hard_226_0100.jpg,0
processed_images/easy_61_0111.jpg,0
processed_images/mid_151_1100.jpg,0
processed_images/easy_99_0101.jpg,0
processed_images/mid_220_0011.jpg,0
processed_images/hard_119_1100.jpg,0
processed_images/hard_69_0011.jpg,0
processed_images/easy_25_0110.jpg,0
processed_images/mid_108_1110.jpg,0
processed_images/easy_47_1110.jpg,0
processed_images/easy_92_0011.jpg,0
processed_images/easy_201_0001.jpg,0
processed_images/mid_328_0011.jpg,0
processed_images/mid_318_1111.jpg,0
processed_images/mid_319_1111.jpg,0
processed_images/hard_173_1110.jpg,0
processed_images/mid_94_1111.jpg,0
processed_images/mid_187_1101.jpg,0
processed_images/mid_409_1101.jpg,0
processed_images/mid_245_1100.jpg,0
processed_images/hard_10_1111.jpg,0
processed_images/mid_141_1110.jpg,0
processed_images/mid_53_1100.jpg,0
processed_images/easy_185_1101.jpg,0
processed_images/mid_401_0111.jpg,0
processed_images/easy_127_0001.jpg,0
processed_images/easy_213_1111.jpg,0
processed_images/hard_223_1111.jpg,0
processed_images/easy_222_0011.jpg,0
processed_images/hard_83_1111.jpg,0
processed_images/easy_48_0011.jpg,0
processed_images/easy_78_1111.jpg,0
processed_images/hard_66_1111.jpg,0
processed_images/mid_107_0010.jpg,0
processed_images/mid_384_0011.jpg,0
processed_images/mid_6_1111.jpg,0
processed_images/easy_3_1100.jpg,0
processed_images/easy_190_0101.jpg,0
processed_images/easy_145_1000.jpg,0
processed_images/mid_39_1111.jpg,0
processed_images/mid_38_1111.jpg,0
processed_images/easy_102_0101.jpg,0
processed_images/hard_102_1001.jpg,0
processed_images/mid_268_0010.jpg,0
processed_images/easy_95_0101.jpg,0
processed_images/easy_161_1101.jpg,0
processed_images/mid_258_1110.jpg,0
processed_images/mid_415_1111.jpg,0
processed_images/mid_140_1111.jpg,0
processed_images/mid_326_1111.jpg,0
processed_images/hard_199_0011.jpg,0
processed_images/mid_305_1101.jpg,0
processed_images/mid_70_1111.jpg,0
processed_images/mid_71_1111.jpg,0
processed_images/mid_267_1111.jpg,0
processed_images/mid_186_1100.jpg,0
processed_images/mid_455_0101.jpg,0
processed_images/mid_437_1101.jpg,0
processed_images/easy_142_1111.jpg,0
processed_images/easy_196_0010.jpg,0
processed_images/hard_59_1110.jpg,0
processed_images/mid_138_0011.jpg,0
processed_images/mid_109_1111.jpg,0
processed_images/hard_88_1111.jpg,0
processed_images/easy_72_1111.jpg,0
processed_images/hard_234_1100.jpg,0
processed_images/mid_120_1100.jpg,0
processed_images/mid_469_1111.jpg,0
processed_images/hard_228_1111.jpg,0
processed_images/easy_228_0011.jpg,0
processed_images/mid_44_1111.jpg,0
processed_images/hard_176_0011.jpg,0
processed_images/hard_147_1111.jpg,0
processed_images/mid_58_1100.jpg,0
processed_images/hard_221_0101.jpg,0
processed_images/easy_193_1110.jpg,0
processed_images/easy_26_1100.jpg,0
processed_images/hard_137_1001.jpg,0
processed_images/mid_442_0111.jpg,0
processed_images/easy_69_1011.jpg,0
processed_images/mid_174_1111.jpg,0
processed_images/mid_312_1111.jpg,0
processed_images/mid_175_1111.jpg,0
processed_images/mid_11_1100.jpg,0
processed_images/hard_52_1111.jpg,0
processed_images/mid_380_1111.jpg,0
processed_images/mid_161_0110.jpg,0
processed_images/easy_227_1110.jpg,0
processed_images/mid_456_1111.jpg,0
processed_images/easy_226_1111.jpg,0
processed_images/mid_379_1100.jpg,0
processed_images/mid_365_1111.jpg,0
processed_images/mid_103_1111.jpg,0
processed_images/mid_364_1111.jpg,0
processed_images/hard_179_1111.jpg,0
processed_images/mid_66_1100.jpg,0
processed_images/hard_25_1111.jpg,0
processed_images/hard_149_0011.jpg,0
processed_images/mid_190_1111.jpg,0
processed_images/easy_91_1000.jpg,0
processed_images/easy_154_1100.jpg,0
processed_images/easy_220_1000.jpg,0
processed_images/hard_65_0101.jpg,0
processed_images/hard_80_0100.jpg,0
processed_images/hard_70_1100.jpg,0
processed_images/mid_224_1111.jpg,0
processed_images/mid_468_1110.jpg,0
processed_images/mid_111_0001.jpg,0
processed_images/hard_71_1100.jpg,0
processed_images/mid_376_0001.jpg,0
processed_images/mid_215_0011.jpg,0
processed_images/mid_32_1111.jpg,0
processed_images/easy_73_1110.jpg,0
processed_images/hard_152_0111.jpg,0
processed_images/hard_101_0011.jpg,0
processed_images/easy_100_1111.jpg,0
processed_images/hard_130_1111.jpg,0
processed_images/easy_97_1111.jpg,0
processed_images/hard_89_1110.jpg,0
processed_images/mid_475_1111.jpg,0
processed_images/hard_205_0011.jpg,0
processed_images/hard_204_0011.jpg,0
processed_images/hard_2_1111.jpg,0
processed_images/hard_3_1111.jpg,0
processed_images/hard_94_1111.jpg,0
processed_images/mid_292_1000.jpg,0
processed_images/mid_287_0001.jpg,0
processed_images/mid_59_1111.jpg,0
processed_images/easy_67_0101.jpg,0
processed_images/mid_129_0101.jpg,0
processed_images/easy_17_0011.jpg,0
processed_images/mid_168_1111.jpg,0
processed_images/hard_155_0010.jpg,0
processed_images/hard_38_1110.jpg,0
processed_images/easy_180_0011.jpg,0
processed_images/easy_179_0001.jpg,0
processed_images/mid_82_1111.jpg,0
processed_images/mid_83_1111.jpg,0
processed_images/hard_53_1100.jpg,0
processed_images/mid_21_0011.jpg,0
processed_images/mid_207_1111.jpg,0
processed_images/mid_132_0001.jpg,0
processed_images/mid_206_1111.jpg,0
processed_images/mid_10_1111.jpg,0
processed_images/easy_51_1110.jpg,0
processed_images/hard_170_0111.jpg,0
processed_images/easy_84_0011.jpg,0
processed_images/easy_113_0011.jpg,0
processed_images/hard_194_0110.jpg,0
processed_images/hard_112_1111.jpg,0
processed_images/mid_378_1110.jpg,0
processed_images/easy_141_0111.jpg,0
processed_images/easy_194_1011.jpg,0
processed_images/hard_217_1100.jpg,0
processed_images/mid_457_1100.jpg,0
processed_images/hard_188_0100.jpg,0
processed_images/mid_102_1100.jpg,0
processed_images/easy_98_0001.jpg,0
processed_images/mid_381_1101.jpg,0
processed_images/hard_24_1100.jpg,0
processed_images/mid_271_1111.jpg,0
processed_images/mid_294_1110.jpg,0
processed_images/mid_67_1111.jpg,0
processed_images/mid_313_1101.jpg,0
processed_images/hard_92_1001.jpg,0
processed_images/mid_420_1101.jpg,0
processed_images/easy_107_1011.jpg,0
processed_images/hard_39_1111.jpg,0
processed_images/mid_288_1101.jpg,0
processed_images/easy_136_0111.jpg,0
processed_images/mid_289_1101.jpg,0
processed_images/mid_403_1111.jpg,0
processed_images/mid_118_1000.jpg,0
processed_images/mid_433_0011.jpg,0
processed_images/mid_252_1101.jpg,0
processed_images/mid_157_1111.jpg,0
processed_images/easy_29_0011.jpg,0
processed_images/mid_330_1111.jpg,0
processed_images/mid_156_1111.jpg,0
processed_images/mid_121_1110.jpg,0
processed_images/easy_219_1101.jpg,0
processed_images/easy_42_0001.jpg,0
processed_images/easy_205_1110.jpg,0
processed_images/mid_238_1111.jpg,0
processed_images/mid_427_1010.jpg,0
processed_images/mid_474_1110.jpg,0
processed_images/hard_45_1111.jpg,0
processed_images/mid_397_1111.jpg,0
processed_images/mid_211_1100.jpg,0
processed_images/hard_44_1111.jpg,0
processed_images/easy_129_1111.jpg,0
processed_images/hard_74_0011.jpg,0
processed_images/easy_119_0011.jpg,0
processed_images/hard_75_0011.jpg,0
processed_images/mid_114_1110.jpg,0
processed_images/mid_406_0011.jpg,0
processed_images/hard_197_1100.jpg,0
processed_images/mid_89_1111.jpg,0
processed_images/mid_436_1111.jpg,0
processed_images/mid_282_1100.jpg,0
processed_images/mid_304_1111.jpg,0
processed_images/hard_238_1000.jpg,0
processed_images/mid_95_1100.jpg,0
processed_images/hard_239_1000.jpg,0
processed_images/mid_266_1101.jpg,0
processed_images/mid_438_0010.jpg,0
processed_images/mid_52_1111.jpg,0
processed_images/hard_11_1100.jpg,0
processed_images/mid_216_1011.jpg,0
processed_images/easy_150_0011.jpg,0
processed_images/mid_189_0011.jpg,0
processed_images/hard_132_0111.jpg,0
processed_images/easy_12_1110.jpg,0
processed_images/easy_65_1111.jpg,0
processed_images/hard_9_1111.jpg,0
processed_images/easy_64_1111.jpg,0
processed_images/easy_55_0011.jpg,0
processed_images/mid_24_1111.jpg,0
processed_images/mid_25_1111.jpg,0
processed_images/mid_233_1111.jpg,0
processed_images/hard_159_0100.jpg,0
processed_images/mid_106_0001.jpg,0
processed_images/mid_232_1111.jpg,0
processed_images/mid_361_0001.jpg,0
processed_images/mid_398_0011.jpg,0
processed_images/mid_399_0011.jpg,0
processed_images/easy_81_1111.jpg,0
processed_images/mid_7_1100.jpg,0
processed_images/easy_2_1111.jpg,0
processed_images/mid_462_1101.jpg,0
processed_images/mid_259_1101.jpg,0
processed_images/hard_184_0011.jpg,0
processed_images/mid_408_1111.jpg,0
processed_images/mid_244_1110.jpg,0
processed_images/easy_199_1100.jpg,0
processed_images/hard_32_1111.jpg,0
processed_images/hard_196_1101.jpg,0
processed_images/mid_88_1110.jpg,0
processed_images/hard_172_1100.jpg,0
processed_images/hard_200_1111.jpg,0
processed_images/easy_46_1100.jpg,0
processed_images/mid_373_1111.jpg,0
processed_images/hard_17_1010.jpg,0
processed_images/mid_310_0111.jpg,0
processed_images/real_00251.jpg,1
processed_images/real_00537.jpg,1
processed_images/real_00523.jpg,1
processed_images/real_00245.jpg,1
processed_images/real_00279.jpg,1
processed_images/real_00292.jpg,1
processed_images/real_00286.jpg,1
processed_images/real_00735.jpg,1
processed_images/real_00053.jpg,1
processed_images/real_00047.jpg,1
processed_images/real_00721.jpg,1
processed_images/real_00709.jpg,1
processed_images/real_00090.jpg,1
processed_images/real_00084.jpg,1
processed_images/real_00912.jpg,1
processed_images/real_00906.jpg,1
processed_images/real_00641.jpg,1
processed_images/real_00899.jpg,1
processed_images/real_00127.jpg,1
processed_images/real_00133.jpg,1
processed_images/real_00655.jpg,1
processed_images/real_00669.jpg,1
processed_images/real_00682.jpg,1
processed_images/real_00696.jpg,1
processed_images/real_00866.jpg,1
processed_images/real_00872.jpg,1
processed_images/real_00325.jpg,1
processed_images/real_00443.jpg,1
processed_images/real_00457.jpg,1
processed_images/real_00331.jpg,1
processed_images/real_00319.jpg,1
processed_images/real_01007.jpg,1
processed_images/real_01013.jpg,1
processed_images/real_00480.jpg,1
processed_images/real_00494.jpg,1
processed_images/real_00495.jpg,1
processed_images/real_00481.jpg,1
processed_images/real_01012.jpg,1
processed_images/real_01006.jpg,1
processed_images/real_00318.jpg,1
processed_images/real_00456.jpg,1
processed_images/real_00330.jpg,1
processed_images/real_00324.jpg,1
processed_images/real_00442.jpg,1
processed_images/real_00873.jpg,1
processed_images/real_00867.jpg,1
processed_images/real_00697.jpg,1
processed_images/real_00683.jpg,1
processed_images/real_00668.jpg,1
processed_images/real_00132.jpg,1
processed_images/real_00654.jpg,1
processed_images/real_00898.jpg,1
processed_images/real_00640.jpg,1
processed_images/real_00126.jpg,1
processed_images/real_00907.jpg,1
processed_images/real_00913.jpg,1
processed_images/real_00085.jpg,1
processed_images/real_00091.jpg,1
processed_images/real_00708.jpg,1
processed_images/real_00046.jpg,1
processed_images/real_00720.jpg,1
processed_images/real_00734.jpg,1
processed_images/real_00052.jpg,1
processed_images/real_00287.jpg,1
processed_images/real_00293.jpg,1
processed_images/real_00278.jpg,1
processed_images/real_00522.jpg,1
processed_images/real_00244.jpg,1
processed_images/real_00250.jpg,1
processed_images/real_00536.jpg,1
processed_images/real_00246.jpg,1
processed_images/real_00520.jpg,1
processed_images/real_00534.jpg,1
processed_images/real_00252.jpg,1
processed_images/real_00508.jpg,1
processed_images/real_00285.jpg,1
processed_images/real_00291.jpg,1
processed_images/real_00722.jpg,1
processed_images/real_00044.jpg,1
processed_images/real_00050.jpg,1
processed_images/real_00736.jpg,1
processed_images/real_00078.jpg,1
processed_images/real_00939.jpg,1
processed_images/real_00087.jpg,1
processed_images/real_00093.jpg,1
processed_images/real_00905.jpg,1
processed_images/real_00911.jpg,1
processed_images/real_00656.jpg,1
processed_images/real_00130.jpg,1
processed_images/real_00124.jpg,1
processed_images/real_00642.jpg,1
processed_images/real_00118.jpg,1
processed_images/real_00695.jpg,1
processed_images/real_00859.jpg,1
processed_images/real_00681.jpg,1
processed_images/real_00871.jpg,1
processed_images/real_00865.jpg,1
processed_images/real_00332.jpg,1
processed_images/real_00454.jpg,1
processed_images/real_00440.jpg,1
processed_images/real_00326.jpg,1
processed_images/real_01038.jpg,1
processed_images/real_01010.jpg,1
processed_images/real_00468.jpg,1
processed_images/real_01004.jpg,1
processed_images/real_00497.jpg,1
processed_images/real_00483.jpg,1
processed_images/real_00482.jpg,1
processed_images/real_00496.jpg,1
processed_images/real_01005.jpg,1
processed_images/real_01011.jpg,1
processed_images/real_00469.jpg,1
processed_images/real_00441.jpg,1
processed_images/real_01039.jpg,1
processed_images/real_00327.jpg,1
processed_images/real_00333.jpg,1
processed_images/real_00455.jpg,1
processed_images/real_00864.jpg,1
processed_images/real_00870.jpg,1
processed_images/real_00680.jpg,1
processed_images/real_00858.jpg,1
processed_images/real_00694.jpg,1
processed_images/real_00119.jpg,1
processed_images/real_00125.jpg,1
processed_images/real_00643.jpg,1
processed_images/real_00657.jpg,1
processed_images/real_00131.jpg,1
processed_images/real_00910.jpg,1
processed_images/real_00904.jpg,1
processed_images/real_00092.jpg,1
processed_images/real_00938.jpg,1
processed_images/real_00086.jpg,1
processed_images/real_00079.jpg,1
processed_images/real_00051.jpg,1
processed_images/real_00737.jpg,1
processed_images/real_00723.jpg,1
processed_images/real_00045.jpg,1
processed_images/real_00290.jpg,1
processed_images/real_00284.jpg,1
processed_images/real_00509.jpg,1
processed_images/real_00535.jpg,1
processed_images/real_00253.jpg,1
processed_images/real_00247.jpg,1
processed_images/real_00521.jpg,1
processed_images/real_00519.jpg,1
processed_images/real_00525.jpg,1
processed_images/real_00243.jpg,1
processed_images/real_00257.jpg,1
processed_images/real_00531.jpg,1
processed_images/real_00280.jpg,1
processed_images/real_00294.jpg,1
processed_images/real_00069.jpg,1
processed_images/real_00041.jpg,1
processed_images/real_00727.jpg,1
processed_images/real_00733.jpg,1
processed_images/real_00055.jpg,1
processed_images/real_00900.jpg,1
processed_images/real_00914.jpg,1
processed_images/real_00082.jpg,1
processed_images/real_00928.jpg,1
processed_images/real_00096.jpg,1
processed_images/real_00109.jpg,1
processed_images/real_00135.jpg,1
processed_images/real_00653.jpg,1
processed_images/real_00647.jpg,1
processed_images/real_00121.jpg,1
processed_images/real_00874.jpg,1
processed_images/real_00860.jpg,1
processed_images/real_00848.jpg,1
processed_images/real_00690.jpg,1
processed_images/real_00684.jpg,1
processed_images/real_01015.jpg,1
processed_images/real_01001.jpg,1
processed_images/real_00479.jpg,1
processed_images/real_00451.jpg,1
processed_images/real_00337.jpg,1
processed_images/real_01029.jpg,1
processed_images/real_00323.jpg,1
processed_images/real_00445.jpg,1
processed_images/real_00492.jpg,1
processed_images/real_00486.jpg,1
processed_images/real_00487.jpg,1
processed_images/real_00493.jpg,1
processed_images/real_00322.jpg,1
processed_images/real_00444.jpg,1
processed_images/real_00450.jpg,1
processed_images/real_01028.jpg,1
processed_images/real_00336.jpg,1
processed_images/real_01000.jpg,1
processed_images/real_00478.jpg,1
processed_images/real_01014.jpg,1
processed_images/real_00685.jpg,1
processed_images/real_00691.jpg,1
processed_images/real_00849.jpg,1
processed_images/real_00861.jpg,1
processed_images/real_00875.jpg,1
processed_images/real_00646.jpg,1
processed_images/real_00120.jpg,1
processed_images/real_00134.jpg,1
processed_images/real_00652.jpg,1
processed_images/real_00108.jpg,1
processed_images/real_00929.jpg,1
processed_images/real_00097.jpg,1
processed_images/real_00083.jpg,1
processed_images/real_00915.jpg,1
processed_images/real_00901.jpg,1
processed_images/real_00732.jpg,1
processed_images/real_00054.jpg,1
processed_images/real_00040.jpg,1
processed_images/real_00726.jpg,1
processed_images/real_00068.jpg,1
processed_images/real_00295.jpg,1
processed_images/real_00281.jpg,1
processed_images/real_00256.jpg,1
processed_images/real_00530.jpg,1
processed_images/real_00524.jpg,1
processed_images/real_00242.jpg,1
processed_images/real_00518.jpg,1
processed_images/real_00268.jpg,1
processed_images/real_00532.jpg,1
processed_images/real_00254.jpg,1
processed_images/real_00240.jpg,1
processed_images/real_00526.jpg,1
processed_images/real_00297.jpg,1
processed_images/real_00283.jpg,1
processed_images/real_00718.jpg,1
processed_images/real_00056.jpg,1
processed_images/real_00730.jpg,1
processed_images/real_00724.jpg,1
processed_images/real_00042.jpg,1
processed_images/real_00917.jpg,1
processed_images/real_00903.jpg,1
processed_images/real_00095.jpg,1
processed_images/real_00081.jpg,1
processed_images/real_00678.jpg,1
processed_images/real_00122.jpg,1
processed_images/real_00644.jpg,1
processed_images/real_00650.jpg,1
processed_images/real_00888.jpg,1
processed_images/real_00136.jpg,1
processed_images/real_00863.jpg,1
processed_images/real_00877.jpg,1
processed_images/real_00687.jpg,1
processed_images/real_00693.jpg,1
processed_images/real_01002.jpg,1
processed_images/real_00308.jpg,1
processed_images/real_01016.jpg,1
processed_images/real_00446.jpg,1
processed_images/real_00320.jpg,1
processed_images/real_00334.jpg,1
processed_images/real_00452.jpg,1
processed_images/real_00485.jpg,1
processed_images/real_00491.jpg,1
processed_images/real_00490.jpg,1
processed_images/real_00484.jpg,1
processed_images/real_00335.jpg,1
processed_images/real_00453.jpg,1
processed_images/real_00447.jpg,1
processed_images/real_00321.jpg,1
processed_images/real_01017.jpg,1
processed_images/real_00309.jpg,1
processed_images/real_01003.jpg,1
processed_images/real_00692.jpg,1
processed_images/real_00686.jpg,1
processed_images/real_00876.jpg,1
processed_images/real_00862.jpg,1
processed_images/real_00889.jpg,1
processed_images/real_00651.jpg,1
processed_images/real_00137.jpg,1
processed_images/real_00123.jpg,1
processed_images/real_00645.jpg,1
processed_images/real_00679.jpg,1
processed_images/real_00080.jpg,1
processed_images/real_00094.jpg,1
processed_images/real_00902.jpg,1
processed_images/real_00916.jpg,1
processed_images/real_00725.jpg,1
processed_images/real_00043.jpg,1
processed_images/real_00057.jpg,1
processed_images/real_00731.jpg,1
processed_images/real_00719.jpg,1
processed_images/real_00282.jpg,1
processed_images/real_00296.jpg,1
processed_images/real_00241.jpg,1
processed_images/real_00527.jpg,1
processed_images/real_00533.jpg,1
processed_images/real_00255.jpg,1
processed_images/real_00269.jpg,1
processed_images/real_00554.jpg,1
processed_images/real_00232.jpg,1
processed_images/real_00226.jpg,1
processed_images/real_00540.jpg,1
processed_images/real_00568.jpg,1
processed_images/real_00597.jpg,1
processed_images/real_00583.jpg,1
processed_images/real_00030.jpg,1
processed_images/real_00756.jpg,1
processed_images/real_00742.jpg,1
processed_images/real_00024.jpg,1
processed_images/real_00018.jpg,1
processed_images/real_00795.jpg,1
processed_images/real_00781.jpg,1
processed_images/real_00959.jpg,1
processed_images/real_00971.jpg,1
processed_images/real_00965.jpg,1
processed_images/real_00144.jpg,1
processed_images/real_00622.jpg,1
processed_images/real_00636.jpg,1
processed_images/real_00150.jpg,1
processed_images/real_00178.jpg,1
processed_images/real_00187.jpg,1
processed_images/real_00839.jpg,1
processed_images/real_00193.jpg,1
processed_images/real_00805.jpg,1
processed_images/real_00811.jpg,1
processed_images/real_00420.jpg,1
processed_images/real_00346.jpg,1
processed_images/real_01058.jpg,1
processed_images/real_00352.jpg,1
processed_images/real_00434.jpg,1
processed_images/real_01064.jpg,1
processed_images/real_01070.jpg,1
processed_images/real_00408.jpg,1
processed_images/real_00385.jpg,1
processed_images/real_00391.jpg,1
processed_images/real_00390.jpg,1
processed_images/real_00384.jpg,1
processed_images/real_01071.jpg,1
processed_images/real_00409.jpg,1
processed_images/real_01065.jpg,1
processed_images/real_00353.jpg,1
processed_images/real_00435.jpg,1
processed_images/real_00421.jpg,1
processed_images/real_01059.jpg,1
processed_images/real_00347.jpg,1
processed_images/real_00810.jpg,1
processed_images/real_00804.jpg,1
processed_images/real_00192.jpg,1
processed_images/real_00186.jpg,1
processed_images/real_00838.jpg,1
processed_images/real_00179.jpg,1
processed_images/real_00637.jpg,1
processed_images/real_00151.jpg,1
processed_images/real_00145.jpg,1
processed_images/real_00623.jpg,1
processed_images/real_00964.jpg,1
processed_images/real_00970.jpg,1
processed_images/real_00958.jpg,1
processed_images/real_00780.jpg,1
processed_images/real_00794.jpg,1
processed_images/real_00019.jpg,1
processed_images/real_00743.jpg,1
processed_images/real_00025.jpg,1
processed_images/real_00031.jpg,1
processed_images/real_00757.jpg,1
processed_images/real_00582.jpg,1
processed_images/real_00596.jpg,1
processed_images/real_00569.jpg,1
processed_images/real_00227.jpg,1
processed_images/real_00541.jpg,1
processed_images/real_00555.jpg,1
processed_images/real_00233.jpg,1
processed_images/real_00543.jpg,1
processed_images/real_00225.jpg,1
processed_images/real_00231.jpg,1
processed_images/real_00557.jpg,1
processed_images/real_00219.jpg,1
processed_images/real_00580.jpg,1
processed_images/real_00594.jpg,1
processed_images/real_00027.jpg,1
processed_images/real_00999.jpg,1
processed_images/real_00741.jpg,1
processed_images/real_00755.jpg,1
processed_images/real_00033.jpg,1
processed_images/real_00769.jpg,1
processed_images/real_00782.jpg,1
processed_images/real_00796.jpg,1
processed_images/real_00966.jpg,1
processed_images/real_00972.jpg,1
processed_images/real_00153.jpg,1
processed_images/real_00635.jpg,1
processed_images/real_00621.jpg,1
processed_images/real_00147.jpg,1
processed_images/real_00609.jpg,1
processed_images/real_00190.jpg,1
processed_images/real_00184.jpg,1
processed_images/real_00812.jpg,1
processed_images/real_00806.jpg,1
processed_images/real_00437.jpg,1
processed_images/real_00351.jpg,1
processed_images/real_00345.jpg,1
processed_images/real_00423.jpg,1
processed_images/real_01073.jpg,1
processed_images/real_00379.jpg,1
processed_images/real_01067.jpg,1
processed_images/real_00392.jpg,1
processed_images/real_00386.jpg,1
processed_images/real_00387.jpg,1
processed_images/real_00393.jpg,1
processed_images/real_01066.jpg,1
processed_images/real_00378.jpg,1
processed_images/real_01072.jpg,1
processed_images/real_00344.jpg,1
processed_images/real_00422.jpg,1
processed_images/real_00436.jpg,1
processed_images/real_00350.jpg,1
processed_images/real_00807.jpg,1
processed_images/real_00813.jpg,1
processed_images/real_00185.jpg,1
processed_images/real_00191.jpg,1
processed_images/real_00608.jpg,1
processed_images/real_00620.jpg,1
processed_images/real_00146.jpg,1
processed_images/real_00152.jpg,1
processed_images/real_00634.jpg,1
processed_images/real_00973.jpg,1
processed_images/real_00967.jpg,1
processed_images/real_00797.jpg,1
processed_images/real_00783.jpg,1
processed_images/real_00768.jpg,1
processed_images/real_00754.jpg,1
processed_images/real_00032.jpg,1
processed_images/real_00026.jpg,1
processed_images/real_00740.jpg,1
processed_images/real_00998.jpg,1
processed_images/real_00595.jpg,1
processed_images/real_00581.jpg,1
processed_images/real_00218.jpg,1
processed_images/real_00230.jpg,1
processed_images/real_00556.jpg,1
processed_images/real_00542.jpg,1
processed_images/real_00224.jpg,1
processed_images/real_00208.jpg,1
processed_images/real_00220.jpg,1
processed_images/real_00546.jpg,1
processed_images/real_00552.jpg,1
processed_images/real_00234.jpg,1
processed_images/real_00585.jpg,1
processed_images/real_00591.jpg,1
processed_images/real_00778.jpg,1
processed_images/real_00744.jpg,1
processed_images/real_00022.jpg,1
processed_images/real_00036.jpg,1
processed_images/real_00988.jpg,1
processed_images/real_00750.jpg,1
processed_images/real_00963.jpg,1
processed_images/real_00977.jpg,1
processed_images/real_00787.jpg,1
processed_images/real_00793.jpg,1
processed_images/real_00618.jpg,1
processed_images/real_00630.jpg,1
processed_images/real_00156.jpg,1
processed_images/real_00142.jpg,1
processed_images/real_00624.jpg,1
processed_images/real_00817.jpg,1
processed_images/real_00803.jpg,1
processed_images/real_00195.jpg,1
processed_images/real_00181.jpg,1
processed_images/real_00368.jpg,1
processed_images/real_01076.jpg,1
processed_images/real_01062.jpg,1
processed_images/real_00354.jpg,1
processed_images/real_00432.jpg,1
processed_images/real_00426.jpg,1
processed_images/real_00340.jpg,1
processed_images/real_00397.jpg,1
processed_images/real_00383.jpg,1
processed_images/real_00382.jpg,1
processed_images/real_00396.jpg,1
processed_images/real_00427.jpg,1
processed_images/real_00341.jpg,1
processed_images/real_00355.jpg,1
processed_images/real_00433.jpg,1
processed_images/real_01063.jpg,1
processed_images/real_01077.jpg,1
processed_images/real_00369.jpg,1
processed_images/real_00180.jpg,1
processed_images/real_00194.jpg,1
processed_images/real_00802.jpg,1
processed_images/real_00816.jpg,1
processed_images/real_00143.jpg,1
processed_images/real_00625.jpg,1
processed_images/real_00631.jpg,1
processed_images/real_00157.jpg,1
processed_images/real_00619.jpg,1
processed_images/real_00792.jpg,1
processed_images/real_00786.jpg,1
processed_images/real_00976.jpg,1
processed_images/real_00962.jpg,1
processed_images/real_00037.jpg,1
processed_images/real_00751.jpg,1
processed_images/real_00989.jpg,1
processed_images/real_00745.jpg,1
processed_images/real_00023.jpg,1
processed_images/real_00779.jpg,1
processed_images/real_00590.jpg,1
processed_images/real_00584.jpg,1
processed_images/real_00553.jpg,1
processed_images/real_00235.jpg,1
processed_images/real_00221.jpg,1
processed_images/real_00547.jpg,1
processed_images/real_00209.jpg,1
processed_images/real_00579.jpg,1
processed_images/real_00237.jpg,1
processed_images/real_00551.jpg,1
processed_images/real_00545.jpg,1
processed_images/real_00223.jpg,1
processed_images/real_00592.jpg,1
processed_images/real_00586.jpg,1
processed_images/real_00009.jpg,1
processed_images/real_00753.jpg,1
processed_images/real_00035.jpg,1
processed_images/real_00021.jpg,1
processed_images/real_00747.jpg,1
processed_images/real_00974.jpg,1
processed_images/real_00960.jpg,1
processed_images/real_00790.jpg,1
processed_images/real_00948.jpg,1
processed_images/real_00784.jpg,1
processed_images/real_00169.jpg,1
processed_images/real_00627.jpg,1
processed_images/real_00141.jpg,1
processed_images/real_00155.jpg,1
processed_images/real_00633.jpg,1
processed_images/real_00800.jpg,1
processed_images/real_00814.jpg,1
processed_images/real_00182.jpg,1
processed_images/real_00196.jpg,1
processed_images/real_00828.jpg,1
processed_images/real_01061.jpg,1
processed_images/real_00419.jpg,1
processed_images/real_01075.jpg,1
processed_images/real_00343.jpg,1
processed_images/real_00425.jpg,1
processed_images/real_00431.jpg,1
processed_images/real_00357.jpg,1
processed_images/real_01049.jpg,1
processed_images/real_00380.jpg,1
processed_images/real_00394.jpg,1
processed_images/real_00395.jpg,1
processed_images/real_00381.jpg,1
processed_images/real_00430.jpg,1
processed_images/real_01048.jpg,1
processed_images/real_00356.jpg,1
processed_images/real_00342.jpg,1
processed_images/real_00424.jpg,1
processed_images/real_01074.jpg,1
processed_images/real_01060.jpg,1
processed_images/real_00418.jpg,1
processed_images/real_00197.jpg,1
processed_images/real_00829.jpg,1
processed_images/real_00183.jpg,1
processed_images/real_00815.jpg,1
processed_images/real_00801.jpg,1
processed_images/real_00154.jpg,1
processed_images/real_00632.jpg,1
processed_images/real_00626.jpg,1
processed_images/real_00140.jpg,1
processed_images/real_00168.jpg,1
processed_images/real_00785.jpg,1
processed_images/real_00949.jpg,1
processed_images/real_00791.jpg,1
processed_images/real_00961.jpg,1
processed_images/real_00975.jpg,1
processed_images/real_00020.jpg,1
processed_images/real_00746.jpg,1
processed_images/real_00752.jpg,1
processed_images/real_00034.jpg,1
processed_images/real_00008.jpg,1
processed_images/real_00587.jpg,1
processed_images/real_00593.jpg,1
processed_images/real_00544.jpg,1
processed_images/real_00222.jpg,1
processed_images/real_00236.jpg,1
processed_images/real_00550.jpg,1
processed_images/real_00578.jpg,1
processed_images/real_00575.jpg,1
processed_images/real_00213.jpg,1
processed_images/real_00207.jpg,1
processed_images/real_00561.jpg,1
processed_images/real_00549.jpg,1
processed_images/real_00011.jpg,1
processed_images/real_00777.jpg,1
processed_images/real_00763.jpg,1
processed_images/real_00005.jpg,1
processed_images/real_00993.jpg,1
processed_images/real_00987.jpg,1
processed_images/real_00039.jpg,1
processed_images/real_00978.jpg,1
processed_images/real_00788.jpg,1
processed_images/real_00950.jpg,1
processed_images/real_00944.jpg,1
processed_images/real_00165.jpg,1
processed_images/real_00603.jpg,1
processed_images/real_00617.jpg,1
processed_images/real_00171.jpg,1
processed_images/real_00159.jpg,1
processed_images/real_00818.jpg,1
processed_images/real_00824.jpg,1
processed_images/real_00830.jpg,1
processed_images/real_00401.jpg,1
processed_images/real_00367.jpg,1
processed_images/real_01079.jpg,1
processed_images/real_00373.jpg,1
processed_images/real_00415.jpg,1
processed_images/real_01045.jpg,1
processed_images/real_01051.jpg,1
processed_images/real_00429.jpg,1
processed_images/real_00398.jpg,1
processed_images/real_00399.jpg,1
processed_images/real_01050.jpg,1
processed_images/real_00428.jpg,1
processed_images/real_01044.jpg,1
processed_images/real_00372.jpg,1
processed_images/real_00414.jpg,1
processed_images/real_00400.jpg,1
processed_images/real_01078.jpg,1
processed_images/real_00366.jpg,1
processed_images/real_00831.jpg,1
processed_images/real_00825.jpg,1
processed_images/real_00819.jpg,1
processed_images/real_00158.jpg,1
processed_images/real_00616.jpg,1
processed_images/real_00170.jpg,1
processed_images/real_00164.jpg,1
processed_images/real_00602.jpg,1
processed_images/real_00945.jpg,1
processed_images/real_00951.jpg,1
processed_images/real_00789.jpg,1
processed_images/real_00979.jpg,1
processed_images/real_00986.jpg,1
processed_images/real_00038.jpg,1
processed_images/real_00992.jpg,1
processed_images/real_00762.jpg,1
processed_images/real_00004.jpg,1
processed_images/real_00010.jpg,1
processed_images/real_00776.jpg,1
processed_images/real_00548.jpg,1
processed_images/real_00206.jpg,1
processed_images/real_00560.jpg,1
processed_images/real_00574.jpg,1
processed_images/real_00212.jpg,1
processed_images/real_00562.jpg,1
processed_images/real_00204.jpg,1
processed_images/real_00210.jpg,1
processed_images/real_00576.jpg,1
processed_images/real_00238.jpg,1
processed_images/real_00589.jpg,1
processed_images/real_00006.jpg,1
processed_images/real_00760.jpg,1
processed_images/real_00774.jpg,1
processed_images/real_00012.jpg,1
processed_images/real_00984.jpg,1
processed_images/real_00990.jpg,1
processed_images/real_00748.jpg,1
processed_images/real_00947.jpg,1
processed_images/real_00953.jpg,1
processed_images/real_00172.jpg,1
processed_images/real_00614.jpg,1
processed_images/real_00600.jpg,1
processed_images/real_00166.jpg,1
processed_images/real_00628.jpg,1
processed_images/real_00833.jpg,1
processed_images/real_00827.jpg,1
processed_images/real_00199.jpg,1
processed_images/real_00416.jpg,1
processed_images/real_00370.jpg,1
processed_images/real_00364.jpg,1
processed_images/real_00402.jpg,1
processed_images/real_01052.jpg,1
processed_images/real_00358.jpg,1
processed_images/real_01046.jpg,1
processed_images/real_01047.jpg,1
processed_images/real_00359.jpg,1
processed_images/real_01053.jpg,1
processed_images/real_00365.jpg,1
processed_images/real_00403.jpg,1
processed_images/real_00417.jpg,1
processed_images/real_00371.jpg,1
processed_images/real_00826.jpg,1
processed_images/real_00198.jpg,1
processed_images/real_00832.jpg,1
processed_images/real_00629.jpg,1
processed_images/real_00601.jpg,1
processed_images/real_00167.jpg,1
processed_images/real_00173.jpg,1
processed_images/real_00615.jpg,1
processed_images/real_00952.jpg,1
processed_images/real_00946.jpg,1
processed_images/real_00749.jpg,1
processed_images/real_00991.jpg,1
processed_images/real_00985.jpg,1
processed_images/real_00775.jpg,1
processed_images/real_00013.jpg,1
processed_images/real_00007.jpg,1
processed_images/real_00761.jpg,1
processed_images/real_00588.jpg,1
processed_images/real_00239.jpg,1
processed_images/real_00211.jpg,1
processed_images/real_00577.jpg,1
processed_images/real_00563.jpg,1
processed_images/real_00205.jpg,1
processed_images/real_00229.jpg,1
processed_images/real_00201.jpg,1
processed_images/real_00567.jpg,1
processed_images/real_00573.jpg,1
processed_images/real_00215.jpg,1
processed_images/real_00598.jpg,1
processed_images/real_00981.jpg,1
processed_images/real_00759.jpg,1
processed_images/real_00995.jpg,1
processed_images/real_00765.jpg,1
processed_images/real_00003.jpg,1
processed_images/real_00017.jpg,1
processed_images/real_00771.jpg,1
processed_images/real_00942.jpg,1
processed_images/real_00956.jpg,1
processed_images/real_00639.jpg,1
processed_images/real_00611.jpg,1
processed_images/real_00177.jpg,1
processed_images/real_00163.jpg,1
processed_images/real_00605.jpg,1
processed_images/real_00836.jpg,1
processed_images/real_00188.jpg,1
processed_images/real_00822.jpg,1
processed_images/real_00349.jpg,1
processed_images/real_01057.jpg,1
processed_images/real_01043.jpg,1
processed_images/real_00375.jpg,1
processed_images/real_00413.jpg,1
processed_images/real_00407.jpg,1
processed_images/real_00361.jpg,1
processed_images/real_01080.jpg,1
processed_images/real_01081.jpg,1
processed_images/real_00406.jpg,1
processed_images/real_00360.jpg,1
processed_images/real_00374.jpg,1
processed_images/real_00412.jpg,1
processed_images/real_01042.jpg,1
processed_images/real_01056.jpg,1
processed_images/real_00348.jpg,1
processed_images/real_00823.jpg,1
processed_images/real_00837.jpg,1
processed_images/real_00189.jpg,1
processed_images/real_00162.jpg,1
processed_images/real_00604.jpg,1
processed_images/real_00610.jpg,1
processed_images/real_00176.jpg,1
processed_images/real_00638.jpg,1
processed_images/real_00957.jpg,1
processed_images/real_00943.jpg,1
processed_images/real_00016.jpg,1
processed_images/real_00770.jpg,1
processed_images/real_00764.jpg,1
processed_images/real_00002.jpg,1
processed_images/real_00994.jpg,1
processed_images/real_00758.jpg,1
processed_images/real_00980.jpg,1
processed_images/real_00599.jpg,1
processed_images/real_00572.jpg,1
processed_images/real_00214.jpg,1
processed_images/real_00200.jpg,1
processed_images/real_00566.jpg,1
processed_images/real_00228.jpg,1
processed_images/real_00558.jpg,1
processed_images/real_00216.jpg,1
processed_images/real_00570.jpg,1
processed_images/real_00564.jpg,1
processed_images/real_00202.jpg,1
processed_images/real_00996.jpg,1
processed_images/real_00028.jpg,1
processed_images/real_00982.jpg,1
processed_images/real_00772.jpg,1
processed_images/real_00014.jpg,1
processed_images/real_00766.jpg,1
processed_images/real_00955.jpg,1
processed_images/real_00799.jpg,1
processed_images/real_00941.jpg,1
processed_images/real_00969.jpg,1
processed_images/real_00148.jpg,1
processed_images/real_00606.jpg,1
processed_images/real_00160.jpg,1
processed_images/real_00174.jpg,1
processed_images/real_00612.jpg,1
processed_images/real_00821.jpg,1
processed_images/real_00835.jpg,1
processed_images/real_00809.jpg,1
processed_images/real_01040.jpg,1
processed_images/real_00438.jpg,1
processed_images/real_01054.jpg,1
processed_images/real_00362.jpg,1
processed_images/real_00404.jpg,1
processed_images/real_00410.jpg,1
processed_images/real_00376.jpg,1
processed_images/real_01068.jpg,1
processed_images/real_00389.jpg,1
processed_images/real_00388.jpg,1
processed_images/real_00411.jpg,1
processed_images/real_01069.jpg,1
processed_images/real_00377.jpg,1
processed_images/real_00363.jpg,1
processed_images/real_00405.jpg,1
processed_images/real_01055.jpg,1
processed_images/real_01041.jpg,1
processed_images/real_00439.jpg,1
processed_images/real_00808.jpg,1
processed_images/real_00834.jpg,1
processed_images/real_00820.jpg,1
processed_images/real_00175.jpg,1
processed_images/real_00613.jpg,1
processed_images/real_00607.jpg,1
processed_images/real_00161.jpg,1
processed_images/real_00149.jpg,1
processed_images/real_00968.jpg,1
processed_images/real_00940.jpg,1
processed_images/real_00798.jpg,1
processed_images/real_00954.jpg,1
processed_images/real_00001.jpg,1
processed_images/real_00767.jpg,1
processed_images/real_00773.jpg,1
processed_images/real_00015.jpg,1
processed_images/real_00983.jpg,1
processed_images/real_00997.jpg,1
processed_images/real_00029.jpg,1
processed_images/real_00565.jpg,1
processed_images/real_00203.jpg,1
processed_images/real_00217.jpg,1
processed_images/real_00571.jpg,1
processed_images/real_00559.jpg,1
processed_images/real_00270.jpg,1
processed_images/real_00516.jpg,1
processed_images/real_00502.jpg,1
processed_images/real_00264.jpg,1
processed_images/real_00258.jpg,1
processed_images/real_00714.jpg,1
processed_images/real_00072.jpg,1
processed_images/real_00066.jpg,1
processed_images/real_00700.jpg,1
processed_images/real_00728.jpg,1
processed_images/real_00933.jpg,1
processed_images/real_00099.jpg,1
processed_images/real_00927.jpg,1
processed_images/real_00660.jpg,1
processed_images/real_00106.jpg,1
processed_images/real_00112.jpg,1
processed_images/real_00674.jpg,1
processed_images/real_00884.jpg,1
processed_images/real_00648.jpg,1
processed_images/real_00890.jpg,1
processed_images/real_00847.jpg,1
processed_images/real_00853.jpg,1
processed_images/real_00304.jpg,1
processed_images/real_00462.jpg,1
processed_images/real_00476.jpg,1
processed_images/real_00310.jpg,1
processed_images/real_00338.jpg,1
processed_images/real_01026.jpg,1
processed_images/real_01032.jpg,1
processed_images/real_00489.jpg,1
processed_images/real_00488.jpg,1
processed_images/real_01033.jpg,1
processed_images/real_01027.jpg,1
processed_images/real_00339.jpg,1
processed_images/real_00477.jpg,1
processed_images/real_00311.jpg,1
processed_images/real_00305.jpg,1
processed_images/real_00463.jpg,1
processed_images/real_00852.jpg,1
processed_images/real_00846.jpg,1
processed_images/real_00891.jpg,1
processed_images/real_00649.jpg,1
processed_images/real_00885.jpg,1
processed_images/real_00113.jpg,1
processed_images/real_00675.jpg,1
processed_images/real_00661.jpg,1
processed_images/real_00107.jpg,1
processed_images/real_00098.jpg,1
processed_images/real_00926.jpg,1
processed_images/real_00932.jpg,1
processed_images/real_00729.jpg,1
processed_images/real_00067.jpg,1
processed_images/real_00701.jpg,1
processed_images/real_00715.jpg,1
processed_images/real_00073.jpg,1
processed_images/real_00259.jpg,1
processed_images/real_00503.jpg,1
processed_images/real_00265.jpg,1
processed_images/real_00271.jpg,1
processed_images/real_00517.jpg,1
processed_images/real_00267.jpg,1
processed_images/real_00501.jpg,1
processed_images/real_00515.jpg,1
processed_images/real_00273.jpg,1
processed_images/real_00529.jpg,1
processed_images/real_00298.jpg,1
processed_images/real_00703.jpg,1
processed_images/real_00065.jpg,1
processed_images/real_00071.jpg,1
processed_images/real_00717.jpg,1
processed_images/real_00059.jpg,1
processed_images/real_00918.jpg,1
processed_images/real_00924.jpg,1
processed_images/real_00930.jpg,1
processed_images/real_00677.jpg,1
processed_images/real_00111.jpg,1
processed_images/real_00105.jpg,1
processed_images/real_00663.jpg,1
processed_images/real_00893.jpg,1
processed_images/real_00139.jpg,1
processed_images/real_00887.jpg,1
processed_images/real_00878.jpg,1
processed_images/real_00850.jpg,1
processed_images/real_00688.jpg,1
processed_images/real_00844.jpg,1
processed_images/real_00313.jpg,1
processed_images/real_00475.jpg,1
processed_images/real_00461.jpg,1
processed_images/real_00307.jpg,1
processed_images/real_01019.jpg,1
processed_images/real_01031.jpg,1
processed_images/real_00449.jpg,1
processed_images/real_01025.jpg,1
processed_images/real_01024.jpg,1
processed_images/real_01030.jpg,1
processed_images/real_00448.jpg,1
processed_images/real_00460.jpg,1
processed_images/real_01018.jpg,1
processed_images/real_00306.jpg,1
processed_images/real_00312.jpg,1
processed_images/real_00474.jpg,1
processed_images/real_00845.jpg,1
processed_images/real_00689.jpg,1
processed_images/real_00851.jpg,1
processed_images/real_00879.jpg,1
processed_images/real_00138.jpg,1
processed_images/real_00886.jpg,1
processed_images/real_00892.jpg,1
processed_images/real_00104.jpg,1
processed_images/real_00662.jpg,1
processed_images/real_00676.jpg,1
processed_images/real_00110.jpg,1
processed_images/real_00931.jpg,1
processed_images/real_00925.jpg,1
processed_images/real_00919.jpg,1
processed_images/real_00058.jpg,1
processed_images/real_00070.jpg,1
processed_images/real_00716.jpg,1
processed_images/real_00702.jpg,1
processed_images/real_00064.jpg,1
processed_images/real_00299.jpg,1
processed_images/real_00528.jpg,1
processed_images/real_00514.jpg,1
processed_images/real_00272.jpg,1
processed_images/real_00266.jpg,1
processed_images/real_00500.jpg,1
processed_images/real_00538.jpg,1
processed_images/real_00504.jpg,1
processed_images/real_00262.jpg,1
processed_images/real_00276.jpg,1
processed_images/real_00510.jpg,1
processed_images/real_00289.jpg,1
processed_images/real_00048.jpg,1
processed_images/real_00060.jpg,1
processed_images/real_00706.jpg,1
processed_images/real_00712.jpg,1
processed_images/real_00074.jpg,1
processed_images/real_00921.jpg,1
processed_images/real_00935.jpg,1
processed_images/real_00909.jpg,1
processed_images/real_00128.jpg,1
processed_images/real_00896.jpg,1
processed_images/real_00882.jpg,1
processed_images/real_00114.jpg,1
processed_images/real_00672.jpg,1
processed_images/real_00666.jpg,1
processed_images/real_00100.jpg,1
processed_images/real_00855.jpg,1
processed_images/real_00841.jpg,1
processed_images/real_00699.jpg,1
processed_images/real_00869.jpg,1
processed_images/real_01034.jpg,1
processed_images/real_01020.jpg,1
processed_images/real_00458.jpg,1
processed_images/real_00470.jpg,1
processed_images/real_00316.jpg,1
processed_images/real_01008.jpg,1
processed_images/real_00302.jpg,1
processed_images/real_00464.jpg,1
processed_images/real_00303.jpg,1
processed_images/real_00465.jpg,1
processed_images/real_00471.jpg,1
processed_images/real_01009.jpg,1
processed_images/real_00317.jpg,1
processed_images/real_01021.jpg,1
processed_images/real_00459.jpg,1
processed_images/real_01035.jpg,1
processed_images/real_00868.jpg,1
processed_images/real_00698.jpg,1
processed_images/real_00840.jpg,1
processed_images/real_00854.jpg,1
processed_images/real_00667.jpg,1
processed_images/real_00101.jpg,1
processed_images/real_00115.jpg,1
processed_images/real_00673.jpg,1
processed_images/real_00883.jpg,1
processed_images/real_00129.jpg,1
processed_images/real_00897.jpg,1
processed_images/real_00908.jpg,1
processed_images/real_00934.jpg,1
processed_images/real_00920.jpg,1
processed_images/real_00713.jpg,1
processed_images/real_00075.jpg,1
processed_images/real_00061.jpg,1
processed_images/real_00707.jpg,1
processed_images/real_00049.jpg,1
processed_images/real_00288.jpg,1
processed_images/real_00277.jpg,1
processed_images/real_00511.jpg,1
processed_images/real_00505.jpg,1
processed_images/real_00263.jpg,1
processed_images/real_00539.jpg,1
processed_images/real_00249.jpg,1
processed_images/real_00513.jpg,1
processed_images/real_00275.jpg,1
processed_images/real_00261.jpg,1
processed_images/real_00507.jpg,1
processed_images/real_00739.jpg,1
processed_images/real_00077.jpg,1
processed_images/real_00711.jpg,1
processed_images/real_00705.jpg,1
processed_images/real_00063.jpg,1
processed_images/real_00088.jpg,1
processed_images/real_00936.jpg,1
processed_images/real_00922.jpg,1
processed_images/real_00659.jpg,1
processed_images/real_00881.jpg,1
processed_images/real_00895.jpg,1
processed_images/real_00103.jpg,1
processed_images/real_00665.jpg,1
processed_images/real_00671.jpg,1
processed_images/real_00117.jpg,1
processed_images/real_00842.jpg,1
processed_images/real_00856.jpg,1
processed_images/real_01023.jpg,1
processed_images/real_00329.jpg,1
processed_images/real_01037.jpg,1
processed_images/real_00467.jpg,1
processed_images/real_00301.jpg,1
processed_images/real_00315.jpg,1
processed_images/real_00473.jpg,1
processed_images/real_00498.jpg,1
processed_images/real_00499.jpg,1
processed_images/real_00314.jpg,1
processed_images/real_00472.jpg,1
processed_images/real_00466.jpg,1
processed_images/real_00300.jpg,1
processed_images/real_01036.jpg,1
processed_images/real_00328.jpg,1
processed_images/real_01022.jpg,1
processed_images/real_00857.jpg,1
processed_images/real_00843.jpg,1
processed_images/real_00670.jpg,1
processed_images/real_00116.jpg,1
processed_images/real_00102.jpg,1
processed_images/real_00664.jpg,1
processed_images/real_00894.jpg,1
processed_images/real_00880.jpg,1
processed_images/real_00658.jpg,1
processed_images/real_00923.jpg,1
processed_images/real_00089.jpg,1
processed_images/real_00937.jpg,1
processed_images/real_00704.jpg,1
processed_images/real_00062.jpg,1
processed_images/real_00076.jpg,1
processed_images/real_00710.jpg,1
processed_images/real_00738.jpg,1
processed_images/real_00260.jpg,1
processed_images/real_00506.jpg,1
processed_images/real_00512.jpg,1
processed_images/real_00274.jpg,1
processed_images/real_00248.jpg,1
